Council,Language,Total,Fiction,NonFiction,DVDs/CDs,Magazines / Newspapers,Adult,YoungAdult,Children,Physical,Digital
Bayside,Chinese,633,277,345,11,1,0,0,41,633,0
Bayside,French,321,180,136,5,1,0,0,0,321,0
Bayside,German,286,181,104,1,1,0,0,0,286,0
Bayside,Greek,274,164,97,13,0,0,0,0,274,0
Bayside,Italian,338,202,135,1,0,0,0,0,338,0
Bayside,Japanese,882,579,295,8,2,0,0,0,882,0
Bayside,Russian,571,354,182,35,3,0,0,0,571,0
Boroondara,Afrikaans,6,0,0,0,6,6,0,0,0,6
Boroondara,Arabic,31,0,0,0,31,31,0,0,0,31
Boroondara,Bengali,6,6,0,0,0,6,0,0,0,6
Boroondara,Chinese,13235,7770,3765,1576,124,9589,0,3646,13129,106
Boroondara,Croatian,1,1,0,0,0,1,0,0,0,1
Boroondara,Danish,31,0,0,0,31,31,0,0,0,31
Boroondara,Dutch,180,0,0,0,180,180,0,0,0,180
Boroondara,French,1898,1372,181,164,181,837,0,1061,1718,180
Boroondara,German,116,5,3,0,108,116,0,0,11,105
Boroondara,Greek,1611,1191,259,152,9,1175,0,436,1611,0
Boroondara,Hungarian,2,0,0,0,2,2,0,0,0,2
Boroondara,Indonesian,82,0,0,0,82,82,0,0,0,82
Boroondara,Italian,1132,761,178,131,62,750,0,382,1076,56
Boroondara,Japanese,4,0,0,0,4,4,0,0,0,4
Boroondara,Korean,331,185,142,0,4,316,0,15,327,4
Boroondara,Malayalam,1,0,0,0,1,1,0,0,0,1
Boroondara,Norwegian,18,0,0,0,18,18,0,0,0,18
Boroondara,Portuguese,47,0,0,0,47,47,0,0,0,47
Boroondara,Russian,226,0,0,0,226,226,0,0,0,226
Boroondara,Spanish,44,7,7,0,30,44,0,0,14,30
Boroondara,Swedish,7,3,0,0,4,7,0,0,0,7
Boroondara,Vietnamese,1,0,0,0,1,1,0,0,0,1
Boroondara,Welsh,4,0,0,0,4,4,0,0,0,4
Brimbank,Arabic,434,282,95,51,6,292,0,142,428,6
Brimbank,Bosnian,401,265,61,58,17,375,0,26,401,0
Brimbank,Chinese,5547,2497,1371,1115,564,5173,0,374,4126,1421
Brimbank,Croatian,1590,1121,177,179,113,1556,0,34,1590,0
Brimbank,Farsi,61,0,0,61,0,61,0,0,61,0
Brimbank,French,180,0,0,0,180,180,0,0,0,180
Brimbank,German,105,0,0,0,105,105,0,0,0,105
Brimbank,Greek,1531,1129,144,225,33,1471,0,60,1531,0
Brimbank,Hindi,834,0,0,816,18,834,0,0,834,0
Brimbank,Italian,1476,1002,94,261,119,1373,0,103,1420,56
Brimbank,Macedonian,365,211,75,79,0,347,0,18,365,0
Brimbank,Maltese,969,322,106,541,0,952,0,17,969,0
Brimbank,Panjabi,631,309,112,200,10,585,0,46,631,0
Brimbank,Polish,1611,1147,187,177,100,1579,0,32,1611,0
Brimbank,Serbian,587,384,103,100,0,586,0,1,587,0
Brimbank,Spanish,1670,1036,128,202,304,1543,0,127,1445,225
Brimbank,Tamil,405,295,61,49,0,383,0,22,405,0
Brimbank,Turkish,666,410,131,62,63,643,0,23,666,0
Brimbank,Vietnamese,7884,3690,1670,2399,125,7540,0,344,7884,0
Campaspe,Italian,516,516,0,0,0,0,0,0,516,0
Casey-Cardinia,Chinese,2997,0,0,0,10,0,0,0,0,0
Casey-Cardinia,French,1,0,0,0,1,0,0,0,0,0
Casey-Cardinia,Greek,1,0,0,0,1,0,0,0,0,0
Casey-Cardinia,Gujarati,1,0,0,0,1,0,0,0,0,0
Casey-Cardinia,Hindi,3,0,0,0,3,0,0,0,0,0
Casey-Cardinia,Italian,3,0,0,0,3,0,0,0,0,0
Casey-Cardinia,Malayalam,2,0,0,0,2,0,0,0,0,0
Casey-Cardinia,Panjabi,711,0,0,0,2,0,0,0,0,0
Casey-Cardinia,Persian,770,0,0,0,0,0,0,0,0,0
Casey-Cardinia,Sinhalese,3720,0,0,0,0,0,0,0,0,0
Casey-Cardinia,Tamil,3,0,0,0,3,0,0,0,0,0
Casey-Cardinia,ZZZ - Bilingual,2053,0,0,0,0,0,0,0,0,0
Corangamite,Chinese,4,0,1,3,0,4,0,0,4,0
Darebin,Arabic,1664,1088,187,284,105,1045,0,619,1560,104
Darebin,Chinese,5802,3041,1155,1190,416,4281,0,1521,5390,412
Darebin,Greek,4582,3004,865,691,22,3650,0,932,4575,7
Darebin,Hindi,324,1,0,297,26,323,0,1,301,23
Darebin,Italian,5208,3116,594,1278,220,4294,0,914,4999,209
Darebin,Macedonian,252,223,28,0,1,202,0,50,252,0
Darebin,Somali,72,72,0,0,0,0,0,72,72,0
Darebin,Spanish,2088,535,19,0,1534,1817,0,271,557,1531
Darebin,Vietnamese,2940,1900,644,379,17,1857,0,1083,2934,6
Eastern,Chinese,1801,1556,0,245,0,1196,0,360,1801,0
Frankston,Afrikaans,58,0,0,0,58,0,0,0,0,58
Frankston,Arabic,6,0,0,0,6,0,0,0,0,6
Frankston,Chinese,159,0,0,0,109,0,0,0,3,106
Frankston,Danish,31,0,0,0,31,0,0,0,0,31
Frankston,Dutch,106,0,0,0,5,0,0,0,2,3
Frankston,French,194,0,0,0,181,0,0,0,1,180
Frankston,German,142,0,0,0,106,0,0,0,1,105
Frankston,Hungarian,1,0,0,0,1,0,0,0,0,1
Frankston,Indonesian,2,0,0,0,2,0,0,0,0,2
Frankston,Italian,83,0,0,0,57,0,0,0,1,56
Frankston,Japanese,81,0,0,0,81,0,0,0,0,81
Frankston,Korean,4,0,0,0,4,0,0,0,0,4
Frankston,Malayalam,1,0,0,0,1,0,0,0,0,1
Frankston,Norwegian,1,0,0,0,1,0,0,0,0,1
Frankston,Portuguese,19,0,0,0,19,0,0,0,0,19
Frankston,Russian,47,0,0,0,47,0,0,0,0,47
Frankston,Spanish,226,0,0,0,226,0,0,0,0,226
Frankston,Swedish,30,0,0,0,30,0,0,0,0,30
Frankston,Vietnamese,1,0,0,0,1,0,0,0,0,1
Frankston,Welsh,4,0,0,0,4,0,0,0,0,4
Geelong,Aboriginal languages,39,39,0,0,0,0,0,39,39,0
Geelong,Albanian,2,0,0,2,0,2,0,0,2,0
Geelong,Arabic,143,117,0,26,0,26,0,117,143,0
Geelong,Bengali,12,9,0,3,0,3,0,9,12,0
Geelong,Burmese,16,16,0,0,0,0,0,16,16,0
Geelong,Cantonese,17,0,0,17,0,17,0,0,17,0
Geelong,Catalan,4,0,0,4,0,4,0,0,4,0
Geelong,Chinese,161,33,0,89,39,128,0,33,161,0
Geelong,Croatian,80,12,0,1,67,68,0,12,80,0
Geelong,Czech,8,4,0,4,0,4,0,4,8,0
Geelong,Danish,94,0,0,94,0,94,0,0,94,0
Geelong,Dutch,71,3,0,15,53,68,0,3,71,0
Geelong,Estonian,6,0,0,6,0,6,0,0,6,0
Geelong,Farsi,51,42,0,9,0,9,0,42,51,0
Geelong,Finnish,8,0,0,8,0,8,0,0,8,0
Geelong,French,632,28,0,552,52,604,0,28,632,0
Geelong,Georgian,1,0,0,1,0,1,0,0,1,0
Geelong,German,228,13,0,123,92,215,0,13,228,0
Geelong,Greek,22,6,0,16,0,16,0,6,22,0
Geelong,Gujarati,8,8,0,0,0,0,0,8,8,0
Geelong,Hebrew,19,1,0,18,0,18,0,1,19,0
Geelong,Hindi,115,33,0,73,9,82,0,33,115,0
Geelong,Hungarian,10,7,0,3,0,3,0,7,10,0
Geelong,Icelandic,29,0,0,29,0,29,0,0,29,0
Geelong,Indonesian,13,5,0,8,0,8,0,5,13,0
Geelong,Italian,171,13,0,136,22,158,0,13,171,0
Geelong,Japanese,287,47,0,240,0,240,0,47,287,0
Geelong,Karen,7,7,0,0,0,0,0,7,7,0
Geelong,Kazakh,1,0,0,1,0,1,0,0,1,0
Geelong,Khmer,9,7,0,2,0,2,0,7,9,0
Geelong,Korean,35,3,0,32,0,32,0,3,35,0
Geelong,Kurdish,13,10,0,3,0,3,0,10,13,0
Geelong,Lao,1,0,0,1,0,1,0,0,1,0
Geelong,Lithuanian,3,2,0,1,0,1,0,2,3,0
Geelong,Malayalam,3,3,0,0,0,0,0,3,3,0
Geelong,Mandarin,50,3,0,47,0,47,0,3,50,0
Geelong,Mongolian,2,0,0,2,0,2,0,0,2,0
Geelong,Nauvhal,2,0,0,2,0,2,0,0,2,0
Geelong,Nepali,6,5,0,1,0,1,0,5,6,0
Geelong,Norwegian,40,4,0,36,0,36,0,4,40,0
Geelong,Panjabi,10,4,0,6,0,6,0,4,10,0
Geelong,Persian,6,0,0,6,0,6,0,0,6,0
Geelong,Polish,57,30,0,17,10,27,0,30,57,0
Geelong,Portuguese,47,38,0,9,0,9,0,38,47,0
Geelong,Romanian,4,2,0,2,0,2,0,2,4,0
Geelong,Russian,49,0,0,16,33,49,0,0,49,0
Geelong,Sami,3,0,0,3,0,3,0,0,3,0
Geelong,Slovak,3,0,0,3,0,3,0,0,3,0
Geelong,Somali,50,50,0,0,0,0,0,50,50,0
Geelong,Spanish,202,41,0,111,50,161,0,41,202,0
Geelong,Swahili,5,5,0,0,0,0,0,5,5,0
Geelong,Swedish,58,0,0,58,0,58,0,0,58,0
Geelong,Swiss German,2,0,0,2,0,2,0,0,2,0
Geelong,Tagalog,4,3,0,1,0,1,0,3,4,0
Geelong,Tamil,44,43,0,1,0,1,0,43,44,0
Geelong,Tetum,1,0,0,1,0,1,0,0,1,0
Geelong,Thai,2,0,0,2,0,2,0,0,2,0
Geelong,Turkish,12,0,0,12,0,12,0,0,12,0
Geelong,Urdu,1,1,0,0,0,0,0,1,1,0
Geelong,Vietnamese,26,19,0,7,0,7,0,19,26,0
Geelong,Yiddish,1,0,0,1,0,1,0,0,1,0
Geelong,Yoruba,36,36,0,0,0,0,0,36,36,0
Geelong,Zulu,2,0,0,2,0,2,0,0,2,0
Glen Eira,Chinese,1620,1618,0,0,2,867,0,753,1611,9
Glen Eira,French,19,16,0,0,3,12,0,7,3,16
Glen Eira,German,1,0,0,0,1,1,0,0,1,0
Glen Eira,Greek,379,374,0,0,5,379,0,0,379,0
Glen Eira,Hebrew,401,400,0,0,1,1,0,400,401,0
Glen Eira,Hindi,1,0,0,0,1,1,0,0,1,0
Glen Eira,Italian,1,0,0,0,1,1,0,0,1,0
Glen Eira,Polish,13,11,0,0,2,6,0,7,2,11
Glen Eira,Russian,2763,2761,0,0,2,2757,0,6,2690,73
Goulburn Valley,Aboriginal languages,2,0,0,1,1,2,0,0,2,0
Goulburn Valley,Afrikaans,59,0,0,0,59,59,0,0,0,59
Goulburn Valley,Albanian,8,8,0,0,0,0,0,8,8,0
Goulburn Valley,Arabic,382,164,54,158,6,248,0,134,376,6
Goulburn Valley,Chinese,362,155,59,42,106,208,0,154,256,106
Goulburn Valley,Czech,1,0,0,1,0,1,0,0,1,0
Goulburn Valley,Danish,45,0,0,14,31,45,0,0,14,31
Goulburn Valley,Dutch,7,0,0,4,3,7,0,0,4,3
Goulburn Valley,Estonian,2,0,0,2,0,2,0,0,2,0
Goulburn Valley,Farsi,53,11,3,39,0,43,0,10,53,0
Goulburn Valley,Finnish,2,0,0,2,0,2,0,0,2,0
Goulburn Valley,French,385,50,2,134,199,335,0,50,186,199
Goulburn Valley,German,123,6,0,12,105,122,0,1,18,105
Goulburn Valley,Greek,4,2,0,2,0,2,0,2,4,0
Goulburn Valley,Gujarati,13,4,9,0,0,13,0,0,13,0
Goulburn Valley,Hebrew,4,0,0,4,0,4,0,0,4,0
Goulburn Valley,Hindi,299,69,18,211,1,261,0,38,299,0
Goulburn Valley,Hungarian,1,0,0,0,1,1,0,0,0,1
Goulburn Valley,Icelandic,2,0,0,2,0,2,0,0,2,0
Goulburn Valley,Indonesian,4,2,0,0,2,2,0,2,2,2
Goulburn Valley,Italian,343,124,18,145,56,277,0,66,287,56
Goulburn Valley,Japanese,143,25,3,9,106,115,0,28,37,106
Goulburn Valley,Kazakh,1,0,0,1,0,1,0,0,1,0
Goulburn Valley,Khmer,1,0,0,1,0,0,0,1,1,0
Goulburn Valley,Korean,11,1,0,6,4,10,0,1,7,4
Goulburn Valley,Malayalam,1,0,0,0,1,1,0,0,0,1
Goulburn Valley,Mandarin,4,0,0,4,0,4,0,0,4,0
Goulburn Valley,Marathi,1,0,0,1,0,1,0,0,1,0
Goulburn Valley,Norwegian,7,0,0,6,1,7,0,0,6,1
Goulburn Valley,Panjabi,20,18,0,2,0,2,0,18,20,0
Goulburn Valley,Persian,321,252,43,26,0,221,0,100,321,0
Goulburn Valley,Polish,2,0,0,2,0,2,0,0,2,0
Goulburn Valley,Portuguese,23,0,0,2,21,23,0,0,2,21
Goulburn Valley,Romanian,1,1,0,0,0,1,0,0,1,0
Goulburn Valley,Russian,59,0,0,11,48,59,0,0,11,48
Goulburn Valley,Somali,9,8,1,0,0,1,0,8,9,0
Goulburn Valley,Spanish,275,31,0,10,234,244,0,31,41,234
Goulburn Valley,Swahili,8,8,0,0,0,0,0,8,8,0
Goulburn Valley,Swedish,52,0,0,22,30,52,0,0,22,30
Goulburn Valley,Tamil,5,4,0,1,0,1,0,4,5,0
Goulburn Valley,Tetum,2,0,1,1,0,2,0,0,2,0
Goulburn Valley,Turkish,85,40,20,25,0,54,0,31,85,0
Goulburn Valley,Urdu,16,15,1,0,0,11,0,5,16,0
Goulburn Valley,Vietnamese,4,1,1,1,1,2,0,2,3,1
Goulburn Valley,Welsh,4,0,0,0,4,4,0,0,0,4
Greater Dandenong,Arabic,662,410,82,78,92,555,0,107,570,92
Greater Dandenong,Bosnian,388,261,112,6,9,319,0,69,387,1
Greater Dandenong,Chinese,5454,3421,1284,331,418,4832,0,622,3911,1543
Greater Dandenong,Croatian,600,470,104,11,15,572,0,28,589,11
Greater Dandenong,French,1202,276,93,87,746,1139,0,63,457,745
Greater Dandenong,Greek,726,408,108,199,11,646,0,80,718,8
Greater Dandenong,Hindi,503,255,76,143,29,412,0,91,484,19
Greater Dandenong,Italian,800,335,103,108,254,742,0,58,550,250
Greater Dandenong,Khmer,1136,686,367,79,4,966,0,170,1136,0
Greater Dandenong,Malayalam,5,0,0,0,5,5,0,0,4,1
Greater Dandenong,Panjabi,1081,710,212,154,5,1005,0,76,1078,3
Greater Dandenong,Persian,927,532,331,41,23,803,0,124,907,20
Greater Dandenong,Serbian,148,92,52,4,0,109,0,39,148,0
Greater Dandenong,Serbian,1004,733,193,66,12,995,0,9,1000,4
Greater Dandenong,Sinhalese,1652,1235,344,71,2,1476,0,176,1650,2
Greater Dandenong,Spanish,719,347,94,80,198,618,0,101,522,197
Greater Dandenong,Tamil,1225,761,266,189,9,1132,0,93,1221,4
Greater Dandenong,Urdu,274,209,61,0,4,189,0,85,272,2
Greater Dandenong,Vietnamese,3744,2384,927,420,13,3245,0,499,3741,3
High Country,Chinese,1,0,0,0,1,1,0,0,1,0
High Country,Chinese,1,1,0,0,0,1,0,0,1,0
High Country,French,2,0,0,2,0,2,0,0,2,0
High Country,French,1,0,0,0,0,0,0,1,1,0
High Country,French,7,6,1,0,0,7,0,0,7,0
High Country,Italian,284,163,80,41,0,278,1,5,284,0
High Country,Italian,2,0,0,2,0,2,0,0,2,0
High Country,Italian,1,0,0,1,0,1,0,0,1,0
High Country,Italian,226,136,4,86,0,214,0,12,226,0
High Country,Spanish,4,3,0,1,0,2,0,2,4,0
High Country,Spanish,1,0,0,1,0,1,0,0,1,0
High Country,Spanish,42,30,10,2,0,40,0,2,42,0
Hobsons Bay,Arabic,744,332,161,153,98,520,0,224,646,98
Hobsons Bay,Chinese,2185,875,524,475,311,1895,0,290,1877,308
Hobsons Bay,Croatian,678,450,63,155,10,630,0,48,670,8
Hobsons Bay,Greek,860,431,145,273,11,734,0,126,853,7
Hobsons Bay,Italian,2214,1087,396,569,162,2075,0,139,2054,160
Hobsons Bay,Maltese,543,149,54,340,0,540,0,3,543,0
Hobsons Bay,Polish,1033,548,268,201,16,957,0,76,1018,15
Hobsons Bay,Vietnamese,1425,621,478,318,8,1218,0,207,1420,5
Hume,Arabic,1478,1134,208,128,8,947,3,528,1478,0
Hume,Chinese,614,306,98,201,9,534,0,80,614,0
Hume,Farsi,238,160,54,24,0,157,0,81,238,0
Hume,Greek,344,247,24,25,48,344,0,0,344,0
Hume,Hindi,883,454,137,249,43,655,0,228,883,0
Hume,Italian,400,261,31,108,0,400,0,0,400,0
Hume,Nepali,151,150,1,0,0,0,0,151,151,0
Hume,Panjabi,934,639,204,91,0,685,0,249,934,0
Hume,Sinhalese,1506,1184,257,53,12,1147,0,359,1506,0
Hume,Spanish,88,0,0,88,0,88,0,0,88,0
Hume,Tamil,689,470,118,87,14,536,0,153,689,0
Hume,Turkish,1658,1309,252,77,20,1247,3,408,1658,0
Hume,Urdu,425,324,101,0,0,278,0,147,425,0
Hume,Vietnamese,341,230,51,39,21,193,0,148,341,0
Kingston,Arabic,337,42,4,289,2,295,0,42,316,21
Kingston,Chinese,2560,1295,185,1072,8,2409,0,151,2522,38
Kingston,Greek,1208,615,146,439,8,1156,0,52,1187,21
Kingston,Italian,1476,598,146,724,8,1395,0,81,1413,63
Kingston,Vietnamese,752,440,94,218,0,692,0,60,727,25
Latrobe,Afrikaans,31,0,0,0,31,0,0,0,0,31
Latrobe,Albanian,4,0,0,0,4,0,0,0,0,4
Latrobe,Arabic,98,0,0,0,98,0,0,0,0,98
Latrobe,Armenian,1,0,0,0,1,0,0,0,0,1
Latrobe,Belarusian,6,0,0,0,6,0,0,0,0,6
Latrobe,Bosnian,2,0,0,0,2,0,0,0,0,2
Latrobe,Bulgarian,1,0,0,0,1,0,0,0,0,1
Latrobe,Burmese,1,0,0,0,1,0,0,0,0,1
Latrobe,Catalan,20,0,0,0,20,0,0,0,0,20
Latrobe,Cebuano,3,0,0,0,3,0,0,0,0,3
Latrobe,Chinese,197,29,168,0,0,185,0,12,197,0
Latrobe,Chinese,307,0,0,0,307,0,0,0,0,307
Latrobe,Croatian,8,0,0,0,8,0,0,0,0,8
Latrobe,Czech,7,0,0,0,7,0,0,0,0,7
Latrobe,Danish,58,0,0,0,58,0,0,0,0,58
Latrobe,Dutch,20,0,0,0,20,0,0,0,0,20
Latrobe,Finnish,47,0,0,0,47,0,0,0,0,47
Latrobe,French,527,0,0,0,527,0,0,0,0,527
Latrobe,German,371,0,0,0,371,0,0,0,0,371
Latrobe,Greek,7,0,0,0,7,0,0,0,0,7
Latrobe,Gujarati,4,0,0,0,4,0,0,0,0,4
Latrobe,Hebrew,3,0,0,0,3,0,0,0,0,3
Latrobe,Hindi,23,0,0,0,23,0,0,0,0,23
Latrobe,Hungarian,14,0,0,0,14,0,0,0,0,14
Latrobe,Icelandic,6,0,0,0,6,0,0,0,0,6
Latrobe,Indonesian,16,0,0,0,16,0,0,0,0,16
Latrobe,Italian,153,0,0,0,153,0,0,0,0,153
Latrobe,Japanese,43,0,0,0,43,0,0,0,0,43
Latrobe,Kannada,2,0,0,0,2,0,0,0,0,2
Latrobe,Korean,10,0,0,0,10,0,0,0,0,10
Latrobe,Lithuanian,1,0,0,0,1,0,0,0,0,1
Latrobe,Malayalam,9,0,0,0,9,0,0,0,0,9
Latrobe,Marathi,3,0,0,0,3,0,0,0,0,3
Latrobe,Norwegian,164,0,0,0,164,0,0,0,0,164
Latrobe,Odia,2,0,0,0,2,0,0,0,0,2
Latrobe,Panjabi,3,0,0,0,3,0,0,0,0,3
Latrobe,Persian,32,0,0,0,32,0,0,0,0,32
Latrobe,Polish,15,0,0,0,15,0,0,0,0,15
Latrobe,Portuguese,304,0,0,0,304,0,0,0,0,304
Latrobe,Romanian,32,0,0,0,32,0,0,0,0,32
Latrobe,Russian,289,0,0,0,289,0,0,0,0,289
Latrobe,Sami,1,0,0,0,1,0,0,0,0,1
Latrobe,Serbian,6,0,0,0,6,0,0,0,0,6
Latrobe,Sinhalese,8,0,0,0,8,0,0,0,0,8
Latrobe,Slovak,1,0,0,0,1,0,0,0,0,1
Latrobe,Slovenian,17,0,0,0,17,0,0,0,0,17
Latrobe,Spanish,1298,0,0,0,1298,0,0,0,0,1298
Latrobe,Swedish,271,0,0,0,271,0,0,0,0,271
Latrobe,Tagalog,7,0,0,0,7,0,0,0,0,7
Latrobe,Tamil,3,0,0,0,3,0,0,0,0,3
Latrobe,Thai,5,0,0,0,5,0,0,0,0,5
Latrobe,Turkish,105,0,0,0,105,0,0,0,0,105
Latrobe,Ukrainian,40,0,0,0,40,0,0,0,0,40
Latrobe,Urdu,1,0,0,0,1,0,0,0,0,1
Latrobe,Uzbek,1,0,0,0,1,0,0,0,0,1
Latrobe,Vietnamese,4,0,0,0,4,0,0,0,0,4
Latrobe,Welsh,1,0,0,0,1,0,0,0,0,1
Latrobe,Xhosa,1,0,0,0,1,0,0,0,0,1
Latrobe,Zulu,10,0,0,0,10,0,0,0,0,10
Latrobe,ZZZ - Other,2,0,0,0,2,0,0,0,0,2
Maribyrnong,African languages,517,207,0,310,0,387,0,130,517,0
Maribyrnong,Chinese,8214,3590,2291,2323,10,7384,0,830,7719,495
Maribyrnong,Greek,1286,624,237,418,7,1208,0,78,1286,0
Maribyrnong,Hindi,440,20,0,418,2,427,0,13,440,0
Maribyrnong,Italian,713,367,13,329,4,713,0,0,713,0
Maribyrnong,Spanish,1540,1198,152,186,4,1190,0,350,1518,22
Maribyrnong,Vietnamese,11425,4621,2657,4138,9,9943,0,1482,11425,0
Melbourne,Chinese,9125,3653,2971,2060,441,8172,0,953,8708,417
Melbourne,Hindi,778,232,144,371,31,607,0,171,754,24
Melbourne,Italian,211,0,0,0,211,211,0,0,1,210
Melbourne,Japanese,4809,2375,1753,537,144,3913,0,896,4684,125
Melbourne,Korean,2012,712,366,917,17,1847,0,165,1998,14
Melbourne,Vietnamese,10,0,0,0,10,10,0,0,5,5
Melton,Afrikaans,58,0,0,0,58,58,0,0,0,58
Melton,Arabic,105,66,1,31,7,103,0,2,4,101
Melton,Bengali,29,19,0,10,0,29,0,0,10,19
Melton,Chinese,230,53,0,70,107,221,0,9,72,158
Melton,Danish,31,0,0,0,31,31,0,0,0,31
Melton,Dutch,3,0,0,0,3,3,0,0,0,3
Melton,French,179,1,0,0,178,178,0,1,1,178
Melton,German,105,0,0,0,105,105,0,0,0,105
Melton,Greek,1,0,0,0,1,1,0,0,1,0
Melton,Gujarati,4,0,0,4,0,4,0,0,4,0
Melton,Hindi,532,131,0,396,5,515,0,17,403,129
Melton,Hungarian,1,0,0,0,1,1,0,0,0,1
Melton,Indonesian,2,0,0,0,2,2,0,0,0,2
Melton,Italian,83,27,0,0,56,80,0,3,3,80
Melton,Japanese,81,1,0,0,80,80,0,1,1,80
Melton,Korean,4,0,0,0,4,4,0,0,0,4
Melton,Macedonian,3,0,0,0,3,3,0,0,3,0
Melton,Malayalam,26,0,0,25,1,26,0,0,25,1
Melton,Maltese,60,0,0,59,1,60,0,0,60,0
Melton,Marathi,2,0,0,2,0,2,0,0,2,0
Melton,Nepali,18,18,0,0,0,18,0,0,0,18
Melton,Norwegian,1,0,0,0,1,1,0,0,0,1
Melton,Panjabi,36,1,0,34,1,35,0,1,36,0
Melton,Polish,51,51,0,0,0,50,0,1,1,50
Melton,Portuguese,18,0,0,0,18,18,0,0,0,18
Melton,Russian,47,0,0,0,47,47,0,0,0,47
Melton,Serbian,29,28,0,0,1,29,0,0,1,28
Melton,Sinhalese,66,0,0,66,0,65,0,1,66,0
Melton,Spanish,382,51,0,106,225,378,0,4,108,274
Melton,Swedish,30,0,0,0,30,30,0,0,0,30
Melton,Tagalog,49,49,0,0,0,49,0,0,0,49
Melton,Tamil,35,2,0,33,0,33,0,2,35,0
Melton,Urdu,14,13,0,1,0,14,0,0,1,13
Melton,Vietnamese,42,38,0,0,4,39,0,3,6,36
Melton,Welsh,4,0,0,0,4,4,0,0,0,4
Mitchell,Arabic,67,0,0,0,0,0,0,21,46,21
Mitchell,Armenian,10,0,0,0,0,0,0,10,0,10
Mitchell,Bengali,17,0,0,0,0,0,0,17,0,17
Mitchell,Burmese,10,0,0,0,0,0,0,10,0,10
Mitchell,Canadian French,10,0,0,0,0,0,0,10,0,10
Mitchell,Cantonese,10,0,0,0,0,0,0,10,0,10
Mitchell,Chinese,48,0,0,0,0,0,0,0,48,0
Mitchell,Danish,32,0,0,0,0,0,0,32,0,32
Mitchell,Dutch,21,0,0,0,0,0,0,21,0,21
Mitchell,Filipino,10,0,0,0,0,0,0,10,0,10
Mitchell,French,68,0,0,0,0,0,0,68,0,68
Mitchell,German,43,0,0,0,0,0,0,43,0,43
Mitchell,Greek,21,0,0,0,0,0,0,21,0,21
Mitchell,Gujarati,15,0,0,0,0,0,0,15,0,15
Mitchell,Hindi,120,0,0,0,0,0,0,60,60,60
Mitchell,Indonesian,10,0,0,0,0,0,0,10,0,10
Mitchell,Italian,67,0,0,0,0,0,0,67,0,67
Mitchell,Japanese,16,0,0,0,0,0,0,16,0,16
Mitchell,Korean,10,0,0,0,0,0,0,10,0,10
Mitchell,Lidepla,6,0,0,0,0,0,0,6,0,6
Mitchell,Malayalam,6,0,0,0,0,0,0,6,0,6
Mitchell,Mandarin,31,0,0,0,0,0,0,31,0,31
Mitchell,Marathi,19,0,0,0,0,0,0,19,0,19
Mitchell,Nepali,10,0,0,0,0,0,0,10,0,10
Mitchell,Panjabi,71,0,0,0,0,0,0,11,60,11
Mitchell,Persian,10,0,0,0,0,0,0,10,0,10
Mitchell,Polish,21,0,0,0,0,0,0,21,0,21
Mitchell,Portuguese,68,0,0,0,0,0,0,68,0,68
Mitchell,Romanian,13,0,0,0,0,0,0,13,0,13
Mitchell,Russian,58,0,0,0,0,0,0,58,0,58
Mitchell,Serbian,19,0,0,0,0,0,0,19,0,19
Mitchell,Sinhalese,10,0,0,0,0,0,0,10,0,10
Mitchell,Spanish,138,0,0,0,0,0,0,138,0,138
Mitchell,Swahili,5,0,0,0,0,0,0,5,0,5
Mitchell,Swedish,50,0,0,0,0,0,0,50,0,50
Mitchell,Tamil,32,0,0,0,0,0,0,32,0,32
Mitchell,Telugu,13,0,0,0,0,0,0,13,0,13
Mitchell,Thai,10,0,0,0,0,0,0,10,0,10
Mitchell,Turkish,22,0,0,0,0,0,0,22,0,22
Mitchell,Urdu,15,0,0,0,0,0,0,15,0,15
Mitchell,Vietnamese,25,0,0,0,0,0,0,25,0,25
Monash,Afrikaans,2,0,0,0,2,2,0,0,0,2
Monash,Albanian,1,0,0,0,1,1,0,0,0,1
Monash,Arabic,679,642,0,33,4,463,216,0,677,2
Monash,Armenian,1,0,0,0,1,1,0,0,0,1
Monash,Belarusian,2,0,0,0,2,2,0,0,0,2
Monash,Bengali,541,472,0,60,9,382,159,0,541,0
Monash,Bosnian,1,0,0,0,1,1,0,0,0,1
Monash,Bulgarian,1,0,0,0,1,1,0,0,0,1
Monash,Burmese,1,0,0,0,1,1,0,0,0,1
Monash,Catalan,3,0,0,0,3,3,0,0,0,3
Monash,Cebuano,1,0,0,0,1,1,0,0,0,1
Monash,Chinese,20904,12945,6971,390,598,14869,5347,688,20897,7
Monash,Croatian,1,0,0,0,1,1,0,0,0,1
Monash,Czech,1,0,0,0,1,1,0,0,0,1
Monash,Danish,1,0,0,0,1,1,0,0,0,1
Monash,Dutch,1,0,0,0,1,1,0,0,0,1
Monash,Finnish,1,0,0,0,1,1,0,0,0,1
Monash,French,772,372,0,254,146,584,188,0,770,2
Monash,Gaelic,1,0,0,0,1,1,0,0,0,1
Monash,German,460,243,0,39,178,460,0,0,457,3
Monash,Greek,4677,4337,0,95,245,4004,673,0,4676,1
Monash,Gujarati,177,175,0,0,2,2,175,0,175,2
Monash,Hebrew,1,0,0,0,1,1,0,0,0,1
Monash,Hindi,1215,722,0,420,73,1015,200,0,1214,1
Monash,Hungarian,1,0,0,0,1,1,0,0,0,1
Monash,Icelandic,1,0,0,0,1,1,0,0,0,1
Monash,Indonesian,259,258,0,0,1,182,77,0,258,1
Monash,Italian,2280,1902,0,162,216,2061,219,0,2276,4
Monash,Japanese,1559,1352,0,119,88,791,768,0,1558,1
Monash,Kannada,1,0,0,0,1,1,0,0,0,1
Monash,Korean,1829,1788,0,35,6,1377,452,0,1827,2
Monash,Lithuanian,1,0,0,0,1,1,0,0,0,1
Monash,Malayalam,35,32,0,0,3,3,32,0,33,2
Monash,Marathi,1,0,0,0,1,1,0,0,0,1
Monash,Norwegian,2,0,0,0,2,2,0,0,0,2
Monash,Odia,1,0,0,0,1,1,0,0,0,1
Monash,Panjabi,479,390,0,88,1,416,63,0,478,1
Monash,Persian,1,0,0,0,1,1,0,0,0,1
Monash,Polish,29,28,0,0,1,29,0,0,28,1
Monash,Portuguese,2,0,0,0,2,2,0,0,0,2
Monash,Portuguese,1,0,0,0,1,1,0,0,0,1
Monash,Romanian,1,0,0,0,1,1,0,0,0,1
Monash,Romanian,1,0,0,0,1,1,0,0,0,1
Monash,Russian,624,600,0,0,24,399,225,0,620,4
Monash,Sami,1,0,0,0,1,1,0,0,0,1
Monash,Serbian,1,0,0,0,1,1,0,0,0,1
Monash,Sinhalese,1933,1893,0,40,0,1328,605,0,1933,0
Monash,Sinhalese,1,0,0,0,1,1,0,0,0,1
Monash,Slovak,1,0,0,0,1,1,0,0,0,1
Monash,Slovenian,1,0,0,0,1,1,0,0,0,1
Monash,Spanish,905,711,0,86,108,693,212,0,902,3
Monash,Swedish,1,0,0,0,1,1,0,0,0,1
Monash,Tagalog,3,0,0,0,3,3,0,0,0,3
Monash,Tamil,1483,1340,0,80,63,1107,376,0,1481,2
Monash,Thai,1,0,0,0,1,1,0,0,0,1
Monash,Turkish,2,0,0,0,2,2,0,0,0,2
Monash,Ukrainian,1,0,0,0,1,1,0,0,0,1
Monash,Urdu,116,96,0,0,20,20,96,0,114,2
Monash,Uzbek,1,0,0,0,1,1,0,0,0,1
Monash,Vietnamese,749,727,0,4,18,368,381,0,747,2
Monash,Welsh,1,0,0,0,1,1,0,0,0,1
Monash,Xhosa,1,0,0,0,1,1,0,0,428,0
Monash,Zulu,1,0,0,0,1,1,0,0,0,1
Monash,ZZZ - Other,428,0,0,428,0,428,0,0,0,1
Moonee Valley,Afrikaans,42,0,0,0,42,42,0,0,0,42
Moonee Valley,Arabic,96,45,1,0,50,51,0,45,46,50
Moonee Valley,Chinese,4495,1736,1275,1174,310,3937,0,558,4192,303
Moonee Valley,Croatian,11,0,1,0,10,11,0,0,4,7
Moonee Valley,French,525,143,8,44,330,380,0,145,196,329
Moonee Valley,German,199,0,3,5,191,199,0,0,8,191
Moonee Valley,Greek,1371,807,214,335,15,1279,0,92,1363,8
Moonee Valley,Hindi,32,0,2,5,25,32,0,0,7,25
Moonee Valley,Italian,2158,933,257,865,103,1993,0,165,2066,92
Moonee Valley,Korean,25,0,0,16,9,25,0,0,16,9
Moonee Valley,Polish,34,0,1,6,27,34,0,0,7,27
Moonee Valley,Somali,248,155,93,0,0,131,0,117,248,0
Moonee Valley,Spanish,2070,1028,252,329,461,1883,0,187,1613,457
Moonee Valley,Vietnamese,2210,943,592,665,10,1941,0,269,2204,6
Moreland,Arabic,3704,1729,720,1136,119,2798,0,906,3596,108
Moreland,Chinese,5871,2433,1521,1492,425,5034,0,837,5463,408
Moreland,Croatian,1175,841,162,160,12,1128,0,47,1167,8
Moreland,French,2696,1302,159,468,767,1993,0,703,1933,763
Moreland,German,497,0,0,0,497,497,0,0,4,493
Moreland,Greek,7308,4200,898,2180,30,6078,0,1230,7300,8
Moreland,Hindi,1277,407,90,753,27,1009,0,268,1256,21
Moreland,Italian,10857,5767,711,4144,235,9601,0,1256,10643,214
Moreland,Nepali,1005,527,290,188,0,759,0,246,1005,0
Moreland,Polish,1271,806,278,159,28,1182,0,89,1247,24
Moreland,Serbian,7,0,0,0,7,7,0,0,1,6
Moreland,Sinhalese,1449,1129,217,92,11,1317,0,132,1441,8
Moreland,Spanish,4807,2394,327,551,1535,3554,14,1239,3148,1659
Moreland,Turkish,2825,1609,571,530,115,2421,0,404,2718,107
Moreland,Urdu,1558,1098,342,115,3,1089,0,469,1556,2
Port Phillip,Chinese,1089,585,288,214,2,849,0,240,1089,0
Port Phillip,French,595,462,48,85,1,356,0,239,595,0
Port Phillip,German,572,447,89,36,0,476,0,96,572,0
Port Phillip,Greek,591,333,81,177,0,433,0,158,591,0
Port Phillip,Hebrew,170,109,49,12,0,102,0,68,170,0
Port Phillip,Hungarian,451,297,100,54,2,0,0,0,451,0
Port Phillip,Italian,50,50,0,0,0,0,0,50,50,0
Port Phillip,Polish,1667,788,364,515,2,1474,0,193,1667,0
Port Phillip,Russian,4105,2496,850,759,2,3594,0,511,4105,0
Port Phillip,Spanish,572,458,71,46,0,366,0,206,572,0
Stonnington,Chinese,1563,1496,0,67,0,494,0,1069,1563,0
Stonnington,French,758,756,0,0,2,361,0,397,758,0
Stonnington,Greek,914,713,0,198,3,690,0,224,914,0
Stonnington,Italian,559,558,0,0,1,214,0,345,559,0
Stonnington,Russian,404,401,0,0,3,404,0,0,404,0
Swan Hill,Arabic,3,3,0,0,0,0,0,3,3,0
Swan Hill,Gujarati,1,1,0,0,0,0,0,1,1,0
Swan Hill,Italian,250,199,18,33,0,250,0,0,250,0
Swan Hill,Panjabi,1,1,0,0,0,0,0,1,1,0
Vision,Arabic,88,88,0,0,0,82,0,6,0,88
Vision,Chinese,7,4,0,0,0,4,0,3,0,7
Vision,French,184,184,0,0,0,184,0,0,0,184
Vision,German,228,228,0,0,0,228,0,0,0,228
Vision,Greek,70,70,0,0,0,70,0,0,0,70
Vision,Italian,164,164,0,0,0,164,0,0,0,164
Vision,Latin,355,355,0,0,0,355,0,0,0,355
Vision,Polish,355,355,0,0,0,355,0,0,0,355
Vision,Russian,204,204,0,0,0,204,0,0,0,204
Vision,Spanish,221,221,0,0,0,221,0,0,0,221
Vision,Vietnamese,48,48,0,0,0,43,0,5,0,48
West Gippsland,Arabic,11,0,0,5,6,11,0,0,5,6
West Gippsland,Chinese,119,12,0,1,106,103,0,16,13,106
West Gippsland,Danish,1,0,0,0,1,0,0,1,0,1
West Gippsland,Farsi,2,2,0,0,0,0,0,2,2,0
West Gippsland,Flemish,3,0,0,0,3,3,0,0,0,3
West Gippsland,French,220,8,0,32,180,212,0,8,40,180
West Gippsland,German,105,0,0,2,103,2,0,103,2,103
West Gippsland,Greek,1,0,0,1,0,1,0,0,1,0
West Gippsland,Italian,71,10,0,5,56,68,0,3,15,56
West Gippsland,Japanese,86,3,0,2,81,82,0,4,5,81
West Gippsland,Korean,6,0,0,2,4,6,0,0,2,4
West Gippsland,Malayalam,2,0,0,2,0,2,0,0,2,1
West Gippsland,Panjabi,2,0,0,2,0,2,0,0,2,0
West Gippsland,Persian,1,1,0,0,0,0,0,1,1,0
West Gippsland,Portuguese,17,0,0,0,17,16,0,1,0,17
West Gippsland,Russian,49,0,0,2,47,2,0,1,2,47
West Gippsland,Somali,4,4,0,0,0,0,0,4,4,0
West Gippsland,Spanish,222,0,0,4,218,219,0,3,4,218
West Gippsland,Swedish,30,0,0,0,30,30,0,0,0,30
West Gippsland,Turkish,2,0,0,2,0,2,0,0,2,0
West Gippsland,Vietnamese,1,0,0,0,1,1,0,0,0,1
West Gippsland,Welsh,4,0,0,0,0,4,0,0,0,4
Whitehorse Manningham,Chinese,22660,12876,8405,1065,314,18691,0,3969,22366,294
Whitehorse Manningham,Farsi,818,615,203,0,0,586,0,232,818,0
Whitehorse Manningham,Greek,1310,1026,263,4,17,986,0,324,1302,8
Whitehorse Manningham,Italian,1578,1103,240,89,146,1267,0,311,1437,141
Wimmera,Greek,6,6,0,0,0,6,0,0,6,0
Wimmera,Italian,28,28,0,0,0,28,0,0,28,0
Wodonga,Arabic,22,22,0,0,0,0,0,22,1,21
Wodonga,Armenian,10,10,0,0,0,0,0,10,0,10
Wodonga,Bengali,23,23,0,0,0,0,0,23,6,17
Wodonga,Burmese,10,10,0,0,0,0,0,10,0,10
Wodonga,Cantonese,10,10,0,0,0,0,0,10,0,10
Wodonga,Danish,32,32,0,0,0,0,0,32,0,32
Wodonga,Dutch,21,21,0,0,0,0,0,21,0,21
Wodonga,Farsi,1,1,0,0,0,0,0,1,1,0
Wodonga,Filipino,10,10,0,0,0,0,0,10,0,10
Wodonga,French,76,70,6,0,0,5,0,71,8,68
Wodonga,German,46,46,0,0,0,0,0,46,3,43
Wodonga,Greek,21,21,0,0,0,0,0,21,0,21
Wodonga,Greek,21,21,0,0,0,0,0,21,0,21
Wodonga,Hindi,61,61,0,0,0,0,0,61,1,60
Wodonga,Indonesian,10,10,0,0,0,0,0,10,0,10
Wodonga,Italian,66,65,1,0,0,1,0,65,3,63
Wodonga,Italian,63,63,0,0,0,0,0,63,0,63
Wodonga,Japanese,14,14,0,0,0,0,0,14,1,13
Wodonga,Kauma,1,1,0,0,0,0,0,1,1,0
Wodonga,Korean,11,11,0,0,0,0,0,11,1,10
Wodonga,Lidepla,6,6,0,0,0,0,0,6,0,6
Wodonga,Malayalam,6,6,0,0,0,0,0,6,0,6
Wodonga,Mandarin,31,31,0,0,0,0,0,31,3,28
Wodonga,Marathi,14,14,0,0,0,0,0,14,0,14
Wodonga,Nepali,12,12,0,0,0,0,0,12,2,10
Wodonga,Panjabi,11,11,0,0,0,0,0,11,1,10
Wodonga,Persian,10,10,0,0,0,0,0,10,0,10
Wodonga,Polish,21,21,0,0,0,0,0,21,0,21
Wodonga,Portuguese,68,68,0,0,0,0,0,68,0,68
Wodonga,Romanian,13,13,0,0,0,0,0,13,0,13
Wodonga,Russian,59,59,0,0,0,0,0,59,1,58
Wodonga,Serbian,19,19,0,0,0,0,0,19,0,19
Wodonga,Sinhalese,10,10,0,0,0,0,0,10,0,10
Wodonga,Somali,1,1,0,0,0,0,0,1,1,0
Wodonga,Spanish,75,75,0,0,0,0,0,75,6,69
Wodonga,Swahili,14,14,0,0,0,0,0,14,9,5
Wodonga,Swedish,50,50,0,0,0,0,0,50,0,50
Wodonga,Tagalog,1,1,0,0,0,0,0,1,1,0
Wodonga,Tamil,22,22,0,0,0,0,0,22,0,22
Wodonga,Telugu,12,12,0,0,0,0,0,12,0,12
Wodonga,Thai,10,10,0,0,0,0,0,10,0,10
Wodonga,Tiwi,1,1,0,0,0,0,0,1,1,0
Wodonga,Turkish,2,2,0,0,0,0,0,2,2,0
Wodonga,Urdu,14,14,0,0,0,0,0,14,0,14
Wodonga,Vietnamese,28,27,1,0,0,0,0,28,3,25
Wyndham,Arabic,212,141,71,0,0,0,0,0,212,0
Wyndham,Chinese,1541,932,495,110,1,1541,0,1,1541,0
Wyndham,Croatian,1,0,0,0,1,0,0,1,1,0
Wyndham,Dari,7,1,1,0,0,0,0,5,7,0
Wyndham,Farsi,32,30,0,2,0,2,30,0,32,0
Wyndham,French,19,0,0,19,0,19,0,1,19,0
Wyndham,Gujarati,354,1,128,2,0,353,0,1,354,0
Wyndham,Hindi,841,554,225,62,0,778,0,1,841,0
Wyndham,Italian,204,146,53,5,0,204,0,0,204,0
Wyndham,Japanese,1,0,0,1,0,1,0,0,1,0
Wyndham,Korean,10,0,0,10,0,10,0,0,10,0
Wyndham,Malayalam,37,0,0,0,37,37,0,0,37,0
Wyndham,Mandarin,5,3,0,2,0,2,0,3,5,0
Wyndham,Panjabi,783,489,279,15,0,783,0,0,783,0
Wyndham,Russian,1,1,0,0,0,0,0,1,0,0
Wyndham,Spanish,366,293,73,0,0,366,0,0,366,0
Wyndham,Tetum,2,1,1,0,0,0,0,1,2,0
Wyndham,Urdu,87,72,15,0,0,86,0,0,87,0
Wyndham,Vietnamese,1,0,1,0,0,1,0,0,1,0
Yarra,Arabic,209,105,0,0,104,104,0,105,105,104
Yarra,Chinese,8011,1979,2538,2097,1397,7613,0,398,7598,413
Yarra,French,778,48,0,0,730,730,0,48,48,730
Yarra,German,506,35,0,0,471,471,0,35,35,471
Yarra,Greek,794,400,98,183,113,766,0,28,786,8
Yarra,Italian,1235,394,115,375,351,1153,0,82,1017,218
Yarra,Somali,49,49,0,0,0,0,0,49,49,0
Yarra,Spanish,2275,510,42,113,1610,2069,0,206,701,1574
Yarra,Vietnamese,4892,1535,1196,1902,259,4650,0,242,4885,7
Yarra,ZZZ - Other,1991,8,0,0,1983,1983,0,8,8,1983
Yarra Plenty,Afrikaans,58,0,0,0,0,0,0,0,0,58
Yarra Plenty,Arabic,1493,590,266,453,10,1212,0,262,1481,12
Yarra Plenty,Bengali,8,0,0,0,0,0,0,0,0,8
Yarra Plenty,Chinese,11162,4328,3110,1942,24,8111,0,1826,9989,1173
Yarra Plenty,Croatian,1079,582,145,257,6,1029,0,49,1078,1
Yarra Plenty,Danish,33,0,0,0,0,0,0,0,0,33
Yarra Plenty,Finnish,6,0,0,0,0,0,0,0,0,6
Yarra Plenty,Flemish,18,0,0,0,0,0,0,0,0,18
Yarra Plenty,French,869,383,31,87,8,304,0,252,565,304
Yarra Plenty,German,1057,308,40,99,5,336,0,126,469,588
Yarra Plenty,Greek,3655,1536,625,821,22,3448,0,193,3650,5
Yarra Plenty,Hindi,652,228,3,398,5,421,0,229,650,2
Yarra Plenty,Hungarian,7,0,0,0,0,0,0,0,0,7
Yarra Plenty,Italian,9748,3391,677,4033,30,8474,0,1103,9647,101
Yarra Plenty,Japanese,249,123,0,1,0,1,0,123,158,91
Yarra Plenty,Korean,6,0,0,0,0,0,0,0,0,6
Yarra Plenty,Latin,9,0,0,0,0,0,0,0,0,9
Yarra Plenty,Macedonian,818,386,133,230,10,759,0,58,818,0
Yarra Plenty,Maltese,390,141,40,209,0,382,0,8,390,0
Yarra Plenty,Norwegian,7,0,0,0,0,0,0,0,0,7
Yarra Plenty,Panjabi,378,152,0,219,4,251,0,127,378,0
Yarra Plenty,Polish,750,217,88,275,7,722,0,28,750,0
Yarra Plenty,Portuguese,43,0,0,0,0,0,0,0,0,43
Yarra Plenty,Russian,58,0,0,0,0,0,0,0,0,58
Yarra Plenty,Serbian,1413,691,181,316,16,1390,0,23,1413,0
Yarra Plenty,Sinhalese,4,0,0,0,1,4,0,0,4,0
Yarra Plenty,Somali,82,82,0,0,0,0,0,82,82,0
Yarra Plenty,Spanish,1403,311,102,370,4,783,0,92,875,528
Yarra Plenty,Swedish,35,0,0,0,0,0,0,0,0,35
Yarra Plenty,Turkish,1014,340,220,429,6,953,0,59,1012,2
Yarra Plenty,Vietnamese,2143,927,462,706,7,1813,0,326,2139,4
Yarra Plenty,Vietnamese,2315,931,487,763,134,1994,0,321,2315,0
Yarra Plenty,Welsh,5,0,0,0,0,0,0,0,0,5
